FID,region_nom_bdd,prefecture_nom_bdd,commune_nom_bdd,canton_nom_bdd,etab_adr,ouverture_jour,organisme,geometry
_mview_general_zones_pisiculture.fid-7b1c8a4a_1943cbfe119_-3de7,Maritime,Avé,Avé 1,Kévé,Keve vogancope,"{Lundi,Mercredi,Mardi,Jeudi,Vendredi,Samedi,Dimanche}",FAPV,"MULTIPOLYGON (((1.0315376399628242 6.464629891077268, 1.031952336987487 6.464277998842111, 1.032598236778113 6.464750227225846, 1.0332973499037617 6.465041951103533, 1.0333010197889356 6.465247980990738, 1.0330019241472537 6.465785846229785, 1.0328477889699452 6.4657730833324365, 1.0324625416659792 6.465525115867739, 1.0315376399628242 6.464629891077268)))"
_mview_general_zones_pisiculture.fid-7b1c8a4a_1943cbfe119_-3de6,Maritime,Avé,Avé 1,Kévé,Keve,"{Lundi,Mardi,Mercredi,Jeudi,Vendredi,Samedi}",LORENOVICH INTERNATIONAL,"MULTIPOLYGON (((1.0191916666666667 6.4636000000000005, 1.0184266666666666 6.463236666666668, 1.0187866666666667 6.462558333333334, 1.0195733333333334 6.462948333333332, 1.019192876054497 6.4635977831529345, 1.0191916666666667 6.4636000000000005)))"
_mview_general_zones_pisiculture.fid-7b1c8a4a_1943cbfe119_-3de5,Maritime,Avé,Avé 1,Assahoun,Néant,"{Lundi,Mardi,Mercredi,Jeudi,Vendredi,Samedi,Dimanche}",Nsp,"MULTIPOLYGON (((0.9091987755001456 6.471236061937484, 0.9091464723211685 6.471447939310089, 0.9090110204986891 6.471639828174623, 0.9088849564262825 6.471707788796663, 0.9086234405313967 6.471670477083734, 0.9087521868181095 6.471613176947795, 0.9089158018908073 6.471501241779772, 0.9090405248560608 6.471224068876001, 0.9091424489997084 6.471192087377316, 0.9091987755001456 6.471236061937484)))"
_mview_general_zones_pisiculture.fid-7b1c8a4a_1943cbfe119_-3de4,Maritime,Vo,Vo 1,Vogan,Rue légbanou,"{Lundi,Mardi,Mercredi,Jeudi,Vendredi,Samedi,Dimanche}",FERME DOKOE,"MULTIPOLYGON (((1.533303786727484 6.364426204034193, 1.5332124757266725 6.364433735008852, 1.533203761398794 6.364484192536221, 1.5331802706019049 6.364525989439463, 1.5331988359091238 6.364574940763267, 1.5333011345407381 6.3645854841247065, 1.533327277524373 6.364495112448204, 1.533303786727484 6.364426204034193)))"
_mview_general_zones_pisiculture.fid-7b1c8a4a_1943cbfe119_-3de3,Maritime,Vo,Vo 1,Vogan,Non loin de la nationale 34,"{Lundi,Mardi,Mercredi,Jeudi,Vendredi,Samedi,Dimanche}",Informel,"MULTIPOLYGON (((1.5527386421357192 6.334113832420571, 1.5527368210678594 6.334203726648155, 1.5527665651762392 6.334203726648155, 1.5527702073119591 6.334113832420572, 1.5527386421357192 6.334113832420571)))"
_mview_general_zones_pisiculture.fid-7b1c8a4a_1943cbfe119_-3de2,Maritime,Vo,Vo 1,Vo-Koutimé,Caf de koutime près du lycée de koutime,"{Dimanche,Samedi,Jeudi,Mercredi,Vendredi,Mardi,Lundi}",Nsp,"MULTIPOLYGON (((1.5576528506152252 6.356080838785726, 1.5574262951140754 6.35593319097386, 1.557585998172263 6.355704336781713, 1.5578175057062258 6.355863058248378, 1.5576528506152252 6.356080838785726)))"
_mview_general_zones_pisiculture.fid-7b1c8a4a_1943cbfe119_-3de1,Maritime,Vo,Vo 2,Togoville,Néant,"{Lundi,Mardi,Mercredi,Jeudi,Vendredi,Samedi,Dimanche}",Public,"MULTIPOLYGON (((1.4797281033778935 6.228956350207656, 1.4812627852434777 6.229167752681937, 1.4814860761384703 6.227779541544887, 1.4797777235767804 6.227737260945039, 1.4797281033778935 6.228956350207656)))"
_mview_general_zones_pisiculture.fid-7b1c8a4a_1943cbfe119_-3de0,Maritime,Vo,Vo 2,Togoville,Néant,"{Lundi,Mardi,Mercredi,Jeudi,Vendredi,Samedi,Dimanche}",PASA,"MULTIPOLYGON (((1.5139804416431157 6.233079056952965, 1.5142754629938504 6.233167625023859, 1.514349008202367 6.232871005482323, 1.5140758402850203 6.232813352650559, 1.5139804416431157 6.233079056952965)))"
_mview_general_zones_pisiculture.fid-7b1c8a4a_1943cbfe119_-3ddf,Maritime,Vo,Vo 2,Togoville,Néant,"{Lundi,Mardi,Mercredi,Jeudi,Vendredi,Samedi,Dimanche}",Nsp,"MULTIPOLYGON (((1.512829050404777 6.232590356638424, 1.5128459059287025 6.232058356632708, 1.5134316353851243 6.232087679481714, 1.513402138218254 6.2326825140649085, 1.512829050404777 6.232590356638424)))"
_mview_general_zones_pisiculture.fid-7b1c8a4a_1943cbfe119_-3dde,Maritime,Bas-Mono,Bas-Mono 2,Attitogon,Masseda zogble,"{Dimanche,Samedi,Vendredi,Jeudi,Mercredi,Mardi,Lundi}",Coopérative LAMESSE,"MULTIPOLYGON (((1.6853272795669076 6.454860479136679, 1.6853002285282486 6.45439815058153, 1.6856437767192127 6.454383366812627, 1.6856762379656032 6.454841663447904, 1.6853272795669076 6.454860479136679)))"
_mview_general_zones_pisiculture.fid-7b1c8a4a_1943cbfe119_-3ddd,Maritime,Bas-Mono,Bas-Mono 2,Attitogon,Masseda,"{Dimanche,Samedi,Vendredi,Jeudi,Mercredi,Mardi,Lundi}","Corps de la paix, PASA","MULTIPOLYGON (((1.6795449999999996 6.456451666666667, 1.6795383333333334 6.456148333333334, 1.6791300000000002 6.456261666666667, 1.6791766666666665 6.456536666666667, 1.6795449999999996 6.456451666666667)))"
_mview_general_zones_pisiculture.fid-7b1c8a4a_1943cbfe119_-3ddc,Maritime,Bas-Mono,Bas-Mono 2,Attitogon,Bp 04 anfoin,"{Lundi,Mardi,Mercredi,Jeudi,Vendredi,Samedi}",Néant,"MULTIPOLYGON (((1.6392593706364644 6.370854424988604, 1.6394438865391274 6.371253603999065, 1.6397994171808443 6.371033328785192, 1.6395811483691578 6.370652039993524, 1.6392593706364644 6.370854424988604)))"
_mview_general_zones_pisiculture.fid-7b1c8a4a_1943cbfe119_-3ddb,Maritime,Bas-Mono,Bas-Mono 2,Attitogon,Goudjokope,"{Lundi,Mardi,Mercredi,Jeudi,Vendredi,Samedi,Dimanche}",Nsp,"MULTIPOLYGON (((1.6587224168084262 6.4445824187271175, 1.659274448363174 6.444585626582093, 1.6592889755093516 6.443891125506217, 1.6587288733178382 6.443913580521236, 1.6587224168084262 6.4445824187271175)))"
_mview_general_zones_pisiculture.fid-7b1c8a4a_1943cbfe119_-3dda,Maritime,Bas-Mono,Bas-Mono 2,Hompou,Toulassi condji,"{Lundi,Mardi,Mercredi,Jeudi,Vendredi,Samedi,Dimanche}",Nsp,"MULTIPOLYGON (((1.6684123391223251 6.4046366774220145, 1.6686000975558604 6.405256056277955, 1.6680545982016246 6.405402896431264, 1.6684123391223251 6.4046366774220145)))"
_mview_general_zones_pisiculture.fid-7b1c8a4a_1943cbfe119_-3dd9,Maritime,Bas-Mono,Bas-Mono 2,Agome-Glozou,Hontowou,"{Lundi,Mardi,Mercredi,Jeudi,Vendredi,Samedi,Dimanche}",Coopérative,"MULTIPOLYGON (((1.682052650627448 6.530916851172504, 1.6822575835242333 6.530916851172504, 1.6823304485542014 6.530860294777456, 1.6825649828694116 6.531007341391291, 1.6825672599015982 6.531145338943437, 1.6826720033821776 6.5311815350163895, 1.6828017942168079 6.530477973379301, 1.6826310168028202 6.5303739095162205, 1.6821277926896034 6.530168043984216, 1.682052650627448 6.530916851172504)))"
_mview_general_zones_pisiculture.fid-7b1c8a4a_1943cbfe119_-3dd8,Maritime,Bas-Mono,Bas-Mono 2,Agbétiko,Lotame,"{Lundi,Mercredi,Vendredi,Dimanche}",Néant,"MULTIPOLYGON (((1.7043742760279796 6.495827622382844, 1.7047127189210358 6.495937492806885, 1.705096957717113 6.496011849544895, 1.705327054205461 6.495852038034705, 1.7052220587204863 6.495626748111215, 1.7050667994395137 6.49545361884039, 1.7043921475998902 6.49566115199768, 1.7043742760279796 6.495827622382844)))"
_mview_general_zones_pisiculture.fid-7b1c8a4a_1943cbfe119_-3dd7,Maritime,Vo,Vo 3,Dzrékpo,Badjenope,"{Lundi,Mercredi,Jeudi,Vendredi,Samedi,Dimanche}",AGAYIB,"MULTIPOLYGON (((1.5595620066919942 6.410380039267315, 1.5603470706047322 6.408970640639664, 1.5583561176923328 6.409027870275019, 1.5584959780208902 6.410262393702925, 1.5595620066919942 6.410380039267315)))"
_mview_general_zones_pisiculture.fid-7b1c8a4a_1943cbfe119_-3dd6,Centrale,Tchamba,Tchamba 3,Goubi,92307240,"{Dimanche,Samedi,Vendredi,Jeudi,Mercredi,Mardi,Lundi}",Néant,"MULTIPOLYGON (((1.4686690474469366 8.707954471827378, 1.4693426663052327 8.705623975669514, 1.464076191594915 8.704594920798163, 1.4634638108146456 8.70713728651565, 1.4686690474469366 8.707954471827378)))"
_mview_general_zones_pisiculture.fid-7b1c8a4a_1943cbfe119_-3dd5,Maritime,Golfe,Golfe 4,Amoutivé,Nyekonakpoé,"{Lundi,Mardi,Mercredi,Jeudi,Vendredi,Samedi,Dimanche}",Privé,"MULTIPOLYGON (((1.2055188384086557 6.133920429054171, 1.205787679208428 6.1339780371649155, 1.2058456190359652 6.13365312733885, 1.2055675078637869 6.133602432170827, 1.2055188384086557 6.133920429054171)))"
_mview_general_zones_pisiculture.fid-7b1c8a4a_1943cbfe119_-3dd4,Maritime,Golfe,Golfe 6,Baguida,Maya kope,"{Jeudi,Dimanche,Samedi,Vendredi,Mercredi,Mardi,Lundi}",Privé,"MULTIPOLYGON (((1.3088766227022488 6.182540133683309, 1.3088142399237952 6.183108649581761, 1.3082371992230986 6.183005283100224, 1.3083411705205215 6.182467777070579, 1.3088766227022488 6.182540133683309)))"
_mview_general_zones_pisiculture.fid-7b1c8a4a_1943cbfe119_-3dd3,Maritime,Golfe,Golfe 6,Baguida,Pas d'interlocuteur car le propriétaire est décédé,"{Dimanche,Samedi,Jeudi,Mercredi,Vendredi,Mardi,Lundi}",Nsp,"MULTIPOLYGON (((1.3491772099849362 6.197564419233056, 1.349200982215527 6.197228826336292, 1.3491867188771725 6.1968317865771585, 1.3491581922004634 6.19650564655153, 1.3493198433684825 6.196458379864426, 1.3496574090428748 6.196562366570467, 1.3498713591181941 6.196557639902454, 1.3499331669177308 6.196935773209617, 1.3499807113789128 6.197380079499282, 1.3500235013939765 6.197800752130858, 1.3500282558400947 6.198112711393862, 1.3495290389976835 6.198150524625327, 1.3491772099849362 6.197564419233056)))"
_mview_general_zones_pisiculture.fid-7b1c8a4a_1943cbfe119_-3dd2,Maritime,Golfe,Golfe 6,Baguida,Néant,"{Lundi,Mardi,Mercredi,Jeudi,Vendredi,Samedi,Dimanche}",Privé,"MULTIPOLYGON (((1.3221462351792599 6.181940614711671, 1.3227445050485762 6.182057472072726, 1.3226929983710856 6.182410670007063, 1.3221140852896722 6.182305227209898, 1.322085587147586 6.182301449555938, 1.3221462351792599 6.181940614711671)))"
_mview_general_zones_pisiculture.fid-7b1c8a4a_1943cbfe119_-3dd1,Maritime,Golfe,Golfe 6,Baguida,Kangni cope,"{Samedi,Vendredi,Jeudi,Mercredi,Mardi,Lundi}",Privé,"MULTIPOLYGON (((1.2981892130408226 6.1804735097723595, 1.2990879549676435 6.180591404519143, 1.299081713704263 6.1791766658240554, 1.298682272847898 6.179046360754018, 1.298264108201391 6.179083590777301, 1.2981892130408226 6.1804735097723595)))"
_mview_general_zones_pisiculture.fid-7b1c8a4a_1943cbfe119_-3dd0,Maritime,Golfe,Golfe 6,Baguida,Néant,"{Lundi,Mardi,Mercredi,Jeudi,Vendredi,Samedi,Dimanche}",LOFTY SARL,"MULTIPOLYGON (((1.3574293151574583 6.172115104991889, 1.3582263021803962 6.172384054630763, 1.357912085364564 6.173629496562972, 1.3570505902536072 6.173327446130763, 1.3574293151574583 6.172115104991889)))"
_mview_general_zones_pisiculture.fid-7b1c8a4a_1943cbfe119_-3dcf,Maritime,Golfe,Golfe 6,Baguida,Baguid,"{Dimanche,Samedi,Vendredi,Mercredi,Mardi,Lundi,Jeudi}",Ferme PISCICOLE AMEGANDJI,"MULTIPOLYGON (((1.3486812408880293 6.197644900369209, 1.348578078435663 6.197352415761499, 1.3483946785203438 6.197196677138, 1.3483335452152376 6.197010550430106, 1.3480393411844134 6.19703334145909, 1.3477948079639877 6.196881401247271, 1.347519708091009 6.197033341459091, 1.3475961247223918 6.197382803780238, 1.3477374954904497 6.197660094370373, 1.348027878689705 6.197823429855265, 1.3486812408880293 6.197644900369209)))"
_mview_general_zones_pisiculture.fid-7b1c8a4a_1943cbfe119_-3dce,Maritime,Vo,Vo 4,Hahotoé,Néant,"{Lundi,Mardi,Mercredi,Jeudi,Vendredi,Samedi,Dimanche}",Privé,"MULTIPOLYGON (((1.4212216666666668 6.35053, 1.4212266666666666 6.350045, 1.42166 6.3499300000000005, 1.4217233333333332 6.35016, 1.4212216666666668 6.35053)))"
_mview_general_zones_pisiculture.fid-7b1c8a4a_1943cbfe119_-3dcd,Maritime,Vo,Vo 4,Hahotoé,Néant,"{Lundi,Mardi,Mercredi,Jeudi,Vendredi,Samedi,Dimanche}",Nsp,"MULTIPOLYGON (((1.41758 6.360830000000001, 1.4176199999999999 6.360758333333333, 1.4176933333333332 6.360803333333333, 1.4176600000000001 6.360866666666667, 1.41758 6.360830000000001)))"
_mview_general_zones_pisiculture.fid-7b1c8a4a_1943cbfe119_-3dcc,Maritime,Vo,Vo 4,Hahotoé,Route nationale n 34,"{Lundi,Mardi,Mercredi,Jeudi,Vendredi,Samedi}",Nsp,"MULTIPOLYGON (((1.3851581745668113 6.331393136607073, 1.3852533413001713 6.331072151183178, 1.3845682672219404 6.330839671171071, 1.3836853378142573 6.330609664350582, 1.382841979472464 6.330378420934284, 1.3827677837239192 6.330281966461176, 1.38222862795116 6.330272073694706, 1.3822014228433601 6.330537941793659, 1.3823040602955141 6.330735797123111, 1.383100427996562 6.330912630323811, 1.3851581745668113 6.331393136607073)))"
_mview_general_zones_pisiculture.fid-7b1c8a4a_1943cbfe119_-3dcb,Maritime,Lacs,Lacs 1,Glidji,Glidji-togo,"{Lundi,Mardi,Mercredi,Jeudi,Vendredi,Samedi,Dimanche}",Privé,"MULTIPOLYGON (((1.6030248748751397 6.248936902853849, 1.6041138795189385 6.249817066858892, 1.6048411486036742 6.249004924810267, 1.603778580135717 6.248056641747886, 1.6030248748751397 6.248936902853849)))"
_mview_general_zones_pisiculture.fid-7b1c8a4a_1943cbfe119_-3dca,Maritime,Lacs,Lacs 1,Glidji,Abalo kondji,"{Lundi,Mardi,Mercredi,Jeudi,Vendredi,Samedi,Dimanche}",Nsp,"MULTIPOLYGON (((1.612896476212656 6.2703829544878324, 1.6124852065719935 6.269501742717114, 1.6139200806516392 6.268761341985462, 1.614335919954976 6.269715232303397, 1.612896476212656 6.2703829544878324)))"
_mview_general_zones_pisiculture.fid-7b1c8a4a_1943cbfe119_-3dc9,Maritime,Lacs,Lacs 1,Glidji,Ferme ametodjedji,"{Lundi,Mardi,Mercredi,Jeudi,Vendredi,Samedi}",Collectivité LAWSON-HELOU,"MULTIPOLYGON (((1.6153619150990322 6.245848415624382, 1.6154665238169144 6.245920242233119, 1.615686525656584 6.2456222153444205, 1.6154902495055063 6.245562181130484, 1.6153640719798135 6.245845199507343, 1.6153619150990322 6.245848415624382)))"
_mview_general_zones_pisiculture.fid-7b1c8a4a_1943cbfe119_-3dc8,Maritime,Lacs,Lacs 1,Glidji,Zebe togome-togo,"{Lundi,Mardi,Mercredi,Vendredi,Jeudi,Samedi,Dimanche}",SIMELAN,"MULTIPOLYGON (((1.6153192858813945 6.2445138818694685, 1.6152061173546872 6.244176390549436, 1.6148020951378448 6.244407342576983, 1.6149022193172369 6.244692615502255, 1.6153192858813945 6.2445138818694685)))"
_mview_general_zones_pisiculture.fid-7b1c8a4a_1943cbfe119_-3dc7,Maritime,Lacs,Lacs 1,Glidji,Zebe togome-togo,"{Lundi,Mardi,Mercredi,Jeudi,Vendredi,Samedi,Dimanche}",SIMELAN,"MULTIPOLYGON (((1.615161594061736 6.244920257457238, 1.61514148515434 6.244793656763131, 1.615270669650339 6.244778513137385, 1.6152871223927538 6.244905113835153, 1.615161594061736 6.244920257457238)))"
_mview_general_zones_pisiculture.fid-7b1c8a4a_1943cbfe119_-3dc6,Maritime,Vo,Vo 4,Akoumapé,08bp:81674 lome togo/92385102,"{Lundi,Mardi,Mercredi,Jeudi,Vendredi,Samedi,Dimanche}",Nsp,"MULTIPOLYGON (((1.4697438585176295 6.43768772803771, 1.466701600405225 6.4442887953018015, 1.466415010872897 6.4443253053908025, 1.464592595385273 6.443543988912606, 1.4684652282964736 6.4367895673399556, 1.4697438585176295 6.43768772803771)))"
_mview_general_zones_pisiculture.fid-7b1c8a4a_1943cbfe119_-3dc5,Maritime,Lacs,Lacs 2,Agouégan,Klouvidonou,"{Lundi,Mardi,Mercredi,Jeudi,Vendredi,Samedi,Dimanche}",Renaissance ferme,"MULTIPOLYGON (((1.6636358795726096 6.254751925632613, 1.6638193242970076 6.254643382327273, 1.6635004798950774 6.25433511921722, 1.6630506035471488 6.254230917561449, 1.6630418680840824 6.254391561772092, 1.6633607124860121 6.254491421661936, 1.6636533504987423 6.2547475839008335, 1.6636358795726096 6.254751925632613)))"
_mview_general_zones_pisiculture.fid-7b1c8a4a_1943cbfe119_-3dc4,Maritime,Lacs,Lacs 2,Agouégan,Klouvidonou,"{Lundi,Mardi,Mercredi,Jeudi,Vendredi,Samedi,Dimanche}",Renaissance ferme,"MULTIPOLYGON (((1.6652224918463774 6.255616973791642, 1.6652502015434287 6.255379087656526, 1.665461802866368 6.25536907139583, 1.6654542456762629 6.255657038814271, 1.6652224918463774 6.255616973791642)))"
_mview_general_zones_pisiculture.fid-7b1c8a4a_1943cbfe119_-3dc3,Maritime,Lacs,Lacs 2,Agouégan,Klouvidonou,"{Lundi,Mardi,Mercredi,Jeudi,Vendredi,Samedi,Dimanche}",Renaissance ferme,"MULTIPOLYGON (((1.6650033333333334 6.255624999999999, 1.6652098965295357 6.255619461599646, 1.66523256809985 6.2553815754656625, 1.6650234858402793 6.255356534813681, 1.6650033333333334 6.255624999999999)))"
_mview_general_zones_pisiculture.fid-7b1c8a4a_1943cbfe119_-3dc2,Maritime,Lacs,Lacs 4,Anfoin,Tota,"{Lundi,Mardi,Mercredi,Jeudi,Vendredi,Samedi}",Particulier,"MULTIPOLYGON (((1.6056998097225668 6.322375557329123, 1.6052332755790615 6.322851786147645, 1.6054266140529463 6.323127497368429, 1.6059183662582628 6.322753616207784, 1.6066097614529158 6.322239790261051, 1.6064110379468597 6.321804422817566, 1.6059926423577424 6.322028982512417, 1.6060041482364433 6.322114232000669, 1.6056998097225668 6.322375557329123)))"
_mview_general_zones_pisiculture.fid-7b1c8a4a_1943cbfe119_-3dc1,Maritime,Lacs,Lacs 4,Anfoin,Anfoin tota,"{Lundi,Mardi,Mercredi,Jeudi,Vendredi,Samedi}",Nsp,"MULTIPOLYGON (((1.6043633333333331 6.319941666666667, 1.6045080296212142 6.3201207204842795, 1.6045688663023119 6.320627130838448, 1.6043483333333328 6.320881595555632, 1.6040289407575705 6.320685078260296, 1.6036208280218731 6.321025204301156, 1.6032786216906993 6.320503677613724, 1.604246362509166 6.3197633347104905, 1.6043633333333331 6.319941666666667)))"
_mview_general_zones_pisiculture.fid-7b1c8a4a_1943cbfe119_-3dc0,Maritime,Lacs,Lacs 4,Anfoin,Anfoin kouto,"{Lundi,Mardi,Mercredi,Vendredi,Jeudi,Samedi,Dimanche}",Privé,"MULTIPOLYGON (((1.6063299999999998 6.324895, 1.6063468942067807 6.3252449593114015, 1.6065102048723334 6.325737505738005, 1.6075745398995531 6.326022958565858, 1.6081095231142928 6.325966987435566, 1.608216519757241 6.3255695922362145, 1.6070317298421821 6.324508039827837, 1.606583591168098 6.32397011978464, 1.6059872220095088 6.324042070905647, 1.6055563194382738 6.324621105752989, 1.6063299999999998 6.324895)))"
_mview_general_zones_pisiculture.fid-7b1c8a4a_1943cbfe119_-3dbf,Maritime,Lacs,Lacs 4,Anfoin,Anfoin tota,{Jeudi},Coopérative ASSIDEKAME,"MULTIPOLYGON (((1.6041558531924514 6.319774451209961, 1.603894842713728 6.319993964053131, 1.6034196697909235 6.319456822612905, 1.6038396289586132 6.319210701890519, 1.604174257777489 6.3197644733512375, 1.6041558531924514 6.319774451209961)))"
_mview_general_zones_pisiculture.fid-7b1c8a4a_1943cbfe119_-3dbe,Maritime,Lacs,Lacs 4,Anfoin,Anfoin klou-kpota,"{Dimanche,Samedi,Vendredi,Jeudi,Mercredi,Lundi,Mardi}",Néant,"MULTIPOLYGON (((1.60723341923136 6.324031354448908, 1.6079124770779174 6.323635913264796, 1.6084329883788033 6.323356428335708, 1.608253501723325 6.323026398065344, 1.60771803320115 6.323130461686847, 1.6071825646789748 6.322616089867915, 1.606431712170226 6.323121541948683, 1.60723341923136 6.324031354448908)))"
_mview_general_zones_pisiculture.fid-7b1c8a4a_1943cbfe119_-3dbd,Maritime,Lacs,Lacs 4,Anfoin,Anfoin-kloukpota,"{Lundi,Mardi,Mercredi,Jeudi,Vendredi,Samedi,Dimanche}",Nsp,"MULTIPOLYGON (((1.6080669176059053 6.324349901804977, 1.6074908240205246 6.324791612060131, 1.6088899084421642 6.326231257679205, 1.6096470600115214 6.325462356540649, 1.6083055849484198 6.324317182511808, 1.6082808952233318 6.324325362335299, 1.6082808952233318 6.324325362335299, 1.6082808952233318 6.324325362335299, 1.6080669176059053 6.324349901804977)))"
_mview_general_zones_pisiculture.fid-7b1c8a4a_1943cbfe119_-3dbc,Maritime,Lacs,Lacs 4,Fiata,98171115,"{Lundi,Mardi,Mercredi,Jeudi,Vendredi,Samedi,Dimanche}",Nsp,"MULTIPOLYGON (((1.6321550000000002 6.350843333333334, 1.6323752009197616 6.350872023519152, 1.6323470356858383 6.351218959357757, 1.6319774736770916 6.351218959357758, 1.6319825946287139 6.350827066046181, 1.6321550000000002 6.350843333333334)))"
_mview_general_zones_pisiculture.fid-7b1c8a4a_1943cbfe119_-3dbb,Maritime,Lacs,Lacs 4,Ganavé,Village abatame buckner 70707512,"{Lundi,Mardi,Mercredi,Jeudi,Vendredi,Samedi}",2019,"MULTIPOLYGON (((1.6474064816095453 6.273889251153656, 1.6474710212718966 6.273859000085568, 1.6474321925319457 6.273754164473949, 1.647366078731488 6.27378180769697, 1.6474064816095453 6.273889251153656)))"
_mview_general_zones_pisiculture.fid-7b1c8a4a_1943cbfe119_-3dba,Maritime,Lacs,Lacs 4,Ganavé,Abatame-togo,"{Lundi,Mardi,Mercredi,Jeudi,Vendredi,Samedi,Dimanche}",Privé,"MULTIPOLYGON (((1.6510856297831387 6.275858241310625, 1.650677641322659 6.274864795053019, 1.6513895674953083 6.2744919119962015, 1.6518757828763524 6.2755576328661835, 1.6518757828763524 6.2755576328661835, 1.6518757828763524 6.2755576328661835, 1.6510856297831387 6.275858241310625)))"
_mview_general_zones_pisiculture.fid-7b1c8a4a_1943cbfe119_-3db9,Maritime,Lacs,Lacs 4,Ganavé,Abatame-togo,"{Mardi,Lundi,Mercredi,Jeudi,Vendredi,Samedi,Dimanche}",Privé,"MULTIPOLYGON (((1.6408373071560265 6.272260156275772, 1.6411519624969773 6.2722416590182375, 1.6410995199401517 6.271893574140398, 1.6407882479899638 6.271923842399871, 1.6408373071560265 6.272260156275772)))"
_mview_general_zones_pisiculture.fid-7b1c8a4a_1943cbfe119_-3db8,Maritime,Zio,Zio 1,Abobo,Dekpo,"{Dimanche,Samedi,Vendredi,Jeudi,Mercredi,Mardi,Lundi}",WAGES,"MULTIPOLYGON (((1.3810659145006736 6.271731818950463, 1.38154639163167 6.271749590167389, 1.3815665046278511 6.271474136236937, 1.3813363225604436 6.271427486766563, 1.3810435667271392 6.271356401851301, 1.38099887118007 6.271731818950463, 1.3810659145006736 6.271731818950463)))"
_mview_general_zones_pisiculture.fid-7b1c8a4a_1943cbfe119_-3db7,Maritime,Yoto,Yoto 3,Tométy-Kondji,Tomety-kondji,"{Lundi,Mardi,Mercredi,Jeudi,Vendredi,Samedi}",Etoile verte(Togo); Happy Togo (Suisse),"MULTIPOLYGON (((1.5249082206617972 6.809878917217579, 1.5250713132782314 6.811053460708572, 1.5256899404440176 6.8107109633790435, 1.5257574270439211 6.810357297401724, 1.5256486986329652 6.810290286976642, 1.5255230985720325 6.809659271681424, 1.5249082206617972 6.809878917217579)))"
_mview_general_zones_pisiculture.fid-7b1c8a4a_1943cbfe119_-3db6,Maritime,Zio,Zio 2,Kovié,Néant,"{Lundi,Mardi,Mercredi,Jeudi,Vendredi,Samedi,Dimanche}",Privé,"MULTIPOLYGON (((1.1063666666666667 6.355915, 1.1060766666666666 6.355861666666668, 1.1055383333333333 6.356815, 1.10873 6.357028333333333, 1.10913 6.356191666666666, 1.1063583333333333 6.355915, 1.1063583333333333 6.355913333333333, 1.1063666666666667 6.355915)))"
_mview_general_zones_pisiculture.fid-7b1c8a4a_1943cbfe119_-3db5,Maritime,Zio,Zio 2,Kovié,Kovié,"{Lundi,Mardi,Mercredi,Jeudi,Vendredi}",Nsp,"MULTIPOLYGON (((1.1164319138500889 6.3446032071151235, 1.1162552295236907 6.344451618890151, 1.116351877360353 6.344340554221766, 1.1165346021765425 6.344502648594626, 1.1164319138500889 6.3446032071151235)))"
_mview_general_zones_pisiculture.fid-7b1c8a4a_1943cbfe119_-3db4,Maritime,Zio,Zio 2,Wli,Odjorene2020@gmail.com,"{Lundi,Mardi,Mercredi,Jeudi,Vendredi,Samedi}",Privé,"MULTIPOLYGON (((1.1129672014200358 6.366300583624888, 1.1135252421658495 6.366910936130394, 1.113247698091212 6.3671574244365825, 1.1126778469592433 6.366576416097027, 1.1129672014200358 6.366300583624888)))"
_mview_general_zones_pisiculture.fid-7b1c8a4a_1943cbfe119_-3db3,Maritime,Zio,Zio 2,Wli,Néant,"{Lundi,Mardi,Mercredi,Jeudi,Vendredi,Samedi}",Privé,"MULTIPOLYGON (((1.1149295746249788 6.368271942910895, 1.1150371321510335 6.368376461323216, 1.1153394883076093 6.368089035638132, 1.1152283455306862 6.3679821417472535, 1.1149295746249788 6.368271942910895)))"
_mview_general_zones_pisiculture.fid-7b1c8a4a_1943cbfe119_-3db2,Maritime,Zio,Zio 2,Wli,Néant,"{Mardi,Mercredi,Lundi,Jeudi,Vendredi,Samedi,Dimanche}",Privé,"MULTIPOLYGON (((1.1124185000417284 6.412373277668755, 1.1124498195035597 6.412942215329037, 1.112377158352111 6.412945950147466, 1.1119274108802135 6.413025626267436, 1.111919894209374 6.412378257432213, 1.1124185000417284 6.412373277668755)))"
_mview_general_zones_pisiculture.fid-7b1c8a4a_1943cbfe119_-3db1,Maritime,Zio,Zio 3,Gamé-Sèva,Boga,"{Lundi,Mardi,Mercredi,Jeudi,Vendredi,Samedi,Dimanche}",Privé,"MULTIPOLYGON (((1.2141380022808763 6.663076033190837, 1.2146954306999291 6.662702530000516, 1.2142309070173847 6.661766573697799, 1.2135849978968953 6.662205990024764, 1.2141380022808763 6.663076033190837)))"
_mview_general_zones_pisiculture.fid-7b1c8a4a_1943cbfe119_-3db0,Maritime,Zio,Zio 3,Gamé-Sèva,Game-togo,"{Dimanche,Samedi,Vendredi,Jeudi,Lundi,Mardi,Mercredi}",Privé,"MULTIPOLYGON (((1.1796308035138887 6.71715319414175, 1.1799042086779399 6.716239661218621, 1.1815309459222167 6.716890531243419, 1.1809565144380374 6.7176536519042696, 1.1796308035138887 6.71715319414175)))"
_mview_general_zones_pisiculture.fid-7b1c8a4a_1943cbfe119_-3daf,Maritime,Yoto,Yoto 3,Tokpli,Koudeka kondji,"{Lundi,Mardi,Mercredi,Jeudi,Dimanche,Samedi,Vendredi}",Nsp,"MULTIPOLYGON (((1.5993136079466252 6.656817870853202, 1.5991872961531548 6.656798061341683, 1.5990769395335962 6.656842962899979, 1.5990224260227295 6.656911635863548, 1.5989878564792535 6.6570054008559865, 1.5989865268814274 6.657133502295578, 1.5990516771749017 6.657244435473992, 1.5991194866640288 6.657377819381512, 1.5991500674140269 6.657508561988363, 1.5992152177075012 6.657590441178959, 1.5992856863922793 6.657601006234815, 1.599364132664014 6.65760760939461, 1.5994691708922688 6.657567990434509, 1.5994891148596584 6.6573817812792, 1.5994385901422699 6.657173121290747, 1.5993960430118375 6.656977667550227, 1.5993136079466252 6.656817870853202)))"
_mview_general_zones_pisiculture.fid-7b1c8a4a_1943cbfe119_-3dae,Maritime,Zio,Zio 3,Agbélouvé,Gapekpodi-togo,"{Lundi,Mardi,Mercredi,Jeudi,Vendredi,Samedi,Dimanche}",Privé,"MULTIPOLYGON (((1.1775298440427857 6.650603039854269, 1.1775922309896272 6.650261318049179, 1.1772166979115535 6.650236049878102, 1.1771437684057369 6.650499843844888, 1.1775298440427857 6.650603039854269)))"
_mview_general_zones_pisiculture.fid-7b1c8a4a_1943cbfe119_-3dad,Maritime,Zio,Zio 3,Agbélouvé,Begbe- togo,"{Lundi,Mardi,Mercredi,Jeudi,Vendredi,Samedi,Dimanche}",Privé,"MULTIPOLYGON (((1.2243339792617554 6.619692621329329, 1.2241256134056206 6.619082713211908, 1.2246656385238872 6.618863489025794, 1.2248887995887419 6.61953463315435, 1.2243339792617554 6.619692621329329)))"
_mview_general_zones_pisiculture.fid-7b1c8a4a_1943cbfe119_-3dac,Maritime,Zio,Zio 3,Agbélouvé,Begbe_togo,"{Lundi,Mardi,Mercredi,Jeudi,Vendredi,Dimanche,Samedi}",Privé,"MULTIPOLYGON (((1.2063146526207396 6.609695677278952, 1.205853650544302 6.6097208848710425, 1.2058691582594114 6.610056985976115, 1.2063357995049795 6.610033178822023, 1.2063146526207396 6.609695677278952)))"
_mview_general_zones_pisiculture.fid-7b1c8a4a_1943cbfe119_-3dab,Maritime,Zio,Zio 3,Agbélouvé,Atiho,"{Lundi,Mardi,Jeudi,Vendredi,Mercredi,Samedi,Dimanche}",Ferme GABIAM,"MULTIPOLYGON (((1.1413272912648678 6.672948873471099, 1.14176667916938 6.670808375151724, 1.1403313453479735 6.6706130282373985, 1.1399589117908155 6.672691182906585, 1.1413272912648678 6.672948873471099)))"
_mview_general_zones_pisiculture.fid-7b1c8a4a_1943cbfe119_-3daa,Maritime,Zio,Zio 4,Gapé-Centre,Didokpo_togo,"{Lundi,Mardi,Mercredi,Jeudi,Vendredi,Samedi,Dimanche}",Privé,"MULTIPOLYGON (((1.2371319431559078 6.595394647615071, 1.2385427549196386 6.5949427059553765, 1.2383956996217909 6.5930481985537615, 1.236203656588241 6.5938744785759456, 1.2366402270037278 6.595572685125417, 1.2371319431559078 6.595394647615071)))"
_mview_general_zones_pisiculture.fid-7b1c8a4a_1943cbfe119_-3da9,Maritime,Zio,Zio 4,Gapé-Centre,Néant,"{Lundi,Mardi,Mercredi,Jeudi,Vendredi,Samedi,Dimanche}",Privé,"MULTIPOLYGON (((1.193187516471146 6.573160377213328, 1.1933249456720747 6.573983797821655, 1.1923758252531609 6.574090458422451, 1.192242690714761 6.573348100166318, 1.193187516471146 6.573160377213328)))"
_mview_general_zones_pisiculture.fid-7b1c8a4a_1943cbfe119_-3da8,Plateaux,Agou,Agou 1,Agou-Nyogbo-Agbétiko,Nsp,"{Lundi,Jeudi,Dimanche}",Nsp,"MULTIPOLYGON (((0.768872985398869 6.989193841035008, 0.7691184755378897 6.9897912151937165, 0.7692055849420584 6.989956278971343, 0.7683186528268863 6.9903885885888135, 0.7679227009897559 6.9895711300661905, 0.7679227009897559 6.98942964671519, 0.7688413092518983 6.98906807795693, 0.768872985398869 6.989193841035008)))"
_mview_general_zones_pisiculture.fid-7b1c8a4a_1943cbfe119_-3da7,Plateaux,Agou,Agou 1,Agou-Akplolo,Néant,"{Samedi,Mercredi,Lundi}",Nsp,"MULTIPOLYGON (((0.7827630152103858 6.8982046358225455, 0.7839569161771498 6.899346948742437, 0.7832388453058353 6.899999697745132, 0.7820968530767567 6.898865975217282, 0.7827630152103858 6.8982046358225455)))"
_mview_general_zones_pisiculture.fid-7b1c8a4a_1943cbfe119_-3da6,Plateaux,Agou,Agou 1,Agou-Atigbé,Néant,"{Lundi,Mardi,Mercredi,Jeudi,Vendredi,Samedi,Dimanche}",Nsp,"MULTIPOLYGON (((0.75738251833096 6.774008651882503, 0.757970527590356 6.772743985166263, 0.759107531276771 6.773499464806846, 0.758470541862883 6.774766672236557, 0.75738251833096 6.774008651882503)))"
_mview_general_zones_pisiculture.fid-7b1c8a4a_1943cbfe119_-3da5,Plateaux,Agou,Agou 1,Gadja,Néant,"{Lundi,Mardi,Mercredi,Jeudi,Vendredi,Samedi,Dimanche}",Nsp,"MULTIPOLYGON (((0.8601166301480806 6.7774835573915535, 0.860002827287579 6.777359249013493, 0.8600255878596794 6.777093681007531, 0.8601735315783312 6.777014575615777, 0.8603499260121088 6.777133233698541, 0.8603556161551337 6.777393151301594, 0.8602190527225317 6.777455305490263, 0.8601166301480806 6.7774835573915535)))"
_mview_general_zones_pisiculture.fid-7b1c8a4a_1943cbfe119_-3da4,Plateaux,Agou,Agou 1,Gadja,Néant,"{Lundi,Mardi,Mercredi,Jeudi,Vendredi,Samedi,Dimanche}",Néant,"MULTIPOLYGON (((0.7861356614980967 6.7716763711381125, 0.7862146241654303 6.771613208989237, 0.7863141740307296 6.771427855059359, 0.7865848252270118 6.77116527020349, 0.7865226065611998 6.771004629985925, 0.786270620964661 6.770840900478379, 0.7861586273661996 6.77081309734894, 0.7858599777703018 6.770843989714886, 0.7858350903039769 6.771007719221381, 0.7857075420390623 6.771390784264841, 0.7859999697683786 6.7716502797666696, 0.7861356614980967 6.7716763711381125)))"
_mview_general_zones_pisiculture.fid-7b1c8a4a_1943cbfe119_-3da3,Plateaux,Agou,Agou 2,Agotimé-Sud (Adzakpa),Winiga/ 97058447,"{Dimanche,Samedi,Jeudi,Vendredi,Mercredi,Mardi,Lundi}",ICAT Agou,"MULTIPOLYGON (((0.7738688896297039 6.5710487255855625, 0.7745789092630089 6.570949975831987, 0.7743872039620167 6.570036539682067, 0.773673634230545 6.570163503880493, 0.7738688896297039 6.5710487255855625)))"
_mview_general_zones_pisiculture.fid-7b1c8a4a_1943cbfe119_-3da2,Plateaux,Amou,Amou 2,Amou-Oblo,Néant,"{Lundi,Mardi,Mercredi,Jeudi,Vendredi,Samedi,Dimanche}",Néant,"MULTIPOLYGON (((0.8653754778090335 7.395250935158012, 0.8660162853256975 7.39509126749757, 0.865800536061293 7.394158807207184, 0.8651661688211787 7.394276961531026, 0.8653754778090335 7.395250935158012)))"
_mview_general_zones_pisiculture.fid-7b1c8a4a_1943cbfe119_-3da1,Plateaux,Amou,Amou 2,Amou-Oblo,Amou oblo uvetsebe,"{Dimanche,Samedi,Jeudi,Mercredi,Vendredi,Mardi,Lundi}",Néant,"MULTIPOLYGON (((0.844112544678979 7.363322949103896, 0.8444226481526613 7.363254273738846, 0.844386519592621 7.362922840305814, 0.844079426832275 7.362955685071499, 0.844112544678979 7.363322949103896)))"
_mview_general_zones_pisiculture.fid-7b1c8a4a_1943cbfe119_-3da0,Plateaux,Amou,Amou 3,Otadi,Néant,"{Lundi,Mardi,Mercredi,Jeudi,Vendredi,Samedi,Dimanche}",Nsp,"MULTIPOLYGON (((0.9926502141554895 7.677263068510042, 0.9926502141554895 7.677263068510042, 0.992823977853258 7.677369041500353, 0.9928196211473991 7.677384923245128, 0.9927046624635221 7.677557965091202, 0.9925333089535925 7.6774805799265105, 0.9926502141554895 7.677263068510042)))"
_mview_general_zones_pisiculture.fid-7b1c8a4a_1943cbfe119_-3d9f,Plateaux,Amou,Amou 3,Otadi,Okama/otadi,"{Lundi,Mardi,Mercredi,Jeudi,Vendredi,Samedi,Dimanche}",Néant,"MULTIPOLYGON (((1.08609 7.639284999999999, 1.0867677673886942 7.639371627606509, 1.0867870333771417 7.6391566264057955, 1.0860820523137336 7.63913529380424, 1.0861833333333335 7.63913, 1.0862540795755453 7.638970007801944, 1.085848047303349 7.638841150542468, 1.0858081530357608 7.638929483881419, 1.0857475064106308 7.639132675465007, 1.08609 7.639284999999999)))"
_mview_general_zones_pisiculture.fid-7b1c8a4a_1943cbfe119_-3d9e,Plateaux,Amou,Amou 3,Hihéatro,Degbebe,"{Lundi,Mardi,Mercredi,Jeudi,Vendredi,Samedi}",CVD,"MULTIPOLYGON (((1.0792931539211792 7.6290910065937085, 1.0794766609832722 7.629030379020893, 1.0794504456886875 7.628852826793931, 1.0795072454936212 7.628740232660599, 1.0801495202109475 7.628411111177862, 1.079891736480864 7.6279997089683675, 1.078996047249219 7.628389458439858, 1.0791009084275576 7.629073684430923, 1.0792931539211792 7.6290910065937085)))"
_mview_general_zones_pisiculture.fid-7b1c8a4a_1943cbfe119_-3d9d,Plateaux,Amou,Amou 3,Avédjè,Néant,"{Lundi,Mardi,Mercredi,Jeudi,Vendredi,Samedi,Dimanche}",Néant,"MULTIPOLYGON (((1.1351014420973986 7.497481611677115, 1.134846656034037 7.49645969712619, 1.1360395180579588 7.496333392914026, 1.136156385555602 7.497346270001462, 1.1351014420973986 7.497481611677115)))"
_mview_general_zones_pisiculture.fid-7b1c8a4a_1943cbfe119_-3d9c,Plateaux,Amou,Amou 3,Avédjè,Néant,"{Lundi,Mardi,Mercredi,Jeudi,Vendredi,Samedi,Dimanche}",ONG ODIAE,"MULTIPOLYGON (((1.1320287459695595 7.497689898386321, 1.1318753624149422 7.497036882218843, 1.133526491267587 7.496518046757396, 1.133643784574059 7.497278408860682, 1.1320287459695595 7.497689898386321)))"
_mview_general_zones_pisiculture.fid-7b1c8a4a_1943cbfe119_-3d9b,Plateaux,Anié,Anié 1,Anié,Néant,"{Dimanche,Samedi,Jeudi,Mercredi,Vendredi,Mardi,Lundi}",Nsp,"MULTIPOLYGON (((1.146936333210956 7.724349147051521, 1.146853913994285 7.724426929290729, 1.1468021076295207 7.724373259547207, 1.1468845268461914 7.724292366007852, 1.146936333210956 7.724349147051521)))"
_mview_general_zones_pisiculture.fid-7b1c8a4a_1943cbfe119_-3d9a,Plateaux,Danyi,Danyi 1,Danyi-Atigba,98457641/70014858,"{Lundi,Mardi,Mercredi,Jeudi,Vendredi,Samedi,Dimanche}",Personnel,"MULTIPOLYGON (((0.6797477042347931 7.168312683185244, 0.6797021069368748 7.168378282490273, 0.6795060385558255 7.168193925798663, 0.6795938133543185 7.16811475419041, 0.6797477042347931 7.168312683185244)))"
_mview_general_zones_pisiculture.fid-7b1c8a4a_1943cbfe119_-3d99,Plateaux,Danyi,Danyi 1,Danyi-Atigba,90090937,"{Lundi,Mardi,Mercredi,Jeudi,Vendredi,Samedi,Dimanche}",MINISTÈRE DE L'AGRICULTURE,"MULTIPOLYGON (((0.7074941919061748 7.21785976507096, 0.7083971643219827 7.21720991777709, 0.7079900615040082 7.216833370319887, 0.7072707444948052 7.217498401504061, 0.7074941919061748 7.21785976507096)))"
_mview_general_zones_pisiculture.fid-7b1c8a4a_1943cbfe119_-3d98,Plateaux,Danyi,Danyi 2,Danyi-Elavagnon,91219731,"{Dimanche,Samedi,Vendredi,Jeudi,Mercredi,Mardi,Lundi}",Personnel,"MULTIPOLYGON (((0.717312398447553 7.306849154547518, 0.7173662915473275 7.307258979454605, 0.7177412976999247 7.307165432498048, 0.7177031234209179 7.306809062960335, 0.717312398447553 7.306849154547518)))"
_mview_general_zones_pisiculture.fid-7b1c8a4a_1943cbfe119_-3d97,Plateaux,Danyi,Danyi 2,Ahlon,99939536,"{Lundi,Mardi,Mercredi,Jeudi,Vendredi,Samedi,Dimanche}",Personnel,"MULTIPOLYGON (((0.662012127585306 7.275917244965557, 0.6620167595516822 7.2758130991299215, 0.6618639046612691 7.275837604034601, 0.6618700806164373 7.275920308078002, 0.662012127585306 7.275917244965557)))"
_mview_general_zones_pisiculture.fid-7b1c8a4a_1943cbfe119_-3d96,Plateaux,Danyi,Danyi 2,Ahlon,99407104,"{Lundi,Mardi,Mercredi,Jeudi,Vendredi,Samedi,Dimanche}",AHLON SASSANOU,"MULTIPOLYGON (((0.6591026805040807 7.276888976276389, 0.6596569977887944 7.276797724133497, 0.6596145394435823 7.276624578990851, 0.65903427539235 7.276697112774956, 0.6591026805040807 7.276888976276389)))"
_mview_general_zones_pisiculture.fid-7b1c8a4a_1943cbfe119_-3d95,Plateaux,Est-Mono,Est-Mono 3,Kpéssi,Néant,"{Lundi,Mardi,Mercredi,Jeudi,Vendredi,Samedi,Dimanche}",Nsp,"MULTIPOLYGON (((1.2746083333333333 8.071035, 1.2749766666666666 8.071451666666666, 1.2762183333333332 8.071323333333334, 1.2804683333333333 8.069848333333335, 1.2801566666666666 8.06918, 1.2776483333333335 8.068283333333333, 1.2770866666666667 8.06759, 1.2760566666666666 8.068286666666667, 1.2742783333333332 8.070365, 1.2746083333333333 8.071035)))"
_mview_general_zones_pisiculture.fid-7b1c8a4a_1943cbfe119_-3d94,Plateaux,Kloto,Kloto 3,Kouma,91838040,"{Dimanche,Samedi,Vendredi,Jeudi,Mercredi,Mardi,Lundi}",Régional,"MULTIPOLYGON (((0.5751453012599159 6.9630945062375105, 0.5752358258827206 6.963051531170862, 0.5751689163789085 6.9628874445165305, 0.5750665841966078 6.96292455936003, 0.5751453012599159 6.9630945062375105)))"
_mview_general_zones_pisiculture.fid-7b1c8a4a_1943cbfe119_-3d93,Plateaux,Kloto,Kloto 3,Kouma,Nsp,"{Lundi,Mardi,Mercredi,Jeudi,Vendredi,Samedi,Dimanche}",Personnel,"MULTIPOLYGON (((0.5791350470999951 6.968756628740723, 0.5782849937200009 6.96854568529923, 0.5778849686000036 6.967590234404985, 0.5785975133449989 6.965989539582295, 0.579597576144992 6.966647190054515, 0.5791350470999951 6.968756628740723)))"
_mview_general_zones_pisiculture.fid-7b1c8a4a_1943cbfe119_-3d92,Plateaux,Kloto,Kloto 3,Kouma,Nsp,"{Lundi,Mardi,Mercredi,Jeudi,Vendredi,Samedi,Dimanche}",Personnel,"MULTIPOLYGON (((0.5779002232629606 6.969806159147668, 0.5775993770420532 6.9700513249115, 0.5773133874246473 6.969701088066768, 0.5774322402526603 6.969583113491718, 0.5775399506280469 6.969710304829192, 0.5777200869455037 6.969560993255589, 0.5779002232629606 6.969806159147668)))"
_mview_general_zones_pisiculture.fid-7b1c8a4a_1943cbfe119_-3d91,Plateaux,Kloto,Kloto 2,Kpimé,Seva,"{Lundi,Mardi,Mercredi,Jeudi,Vendredi,Samedi,Dimanche}",Personnel,"MULTIPOLYGON (((0.6523852085556223 7.0009222720320565, 0.6526064977709459 7.001338730825943, 0.6522127754008245 7.0017124024410275, 0.6522530098036106 7.001889254551453, 0.6517328364533042 7.002371318834584, 0.6514023395732751 7.002051844335759, 0.6519914861855007 7.001492763436362, 0.6519340084672348 7.001284534154631, 0.6523852085556223 7.0009222720320565)))"
_mview_general_zones_pisiculture.fid-7b1c8a4a_1943cbfe119_-3d90,Plateaux,Kpélé,Kpélé 2,Kpélé-Nord,Nsp,"{Lundi,Mardi,Mercredi,Jeudi,Vendredi,Samedi,Dimanche}",Nsp,"MULTIPOLYGON (((0.8012979451624388 7.275360826944638, 0.8011401758147391 7.275522722583288, 0.8010096080787118 7.275531716783724, 0.8009134957174693 7.275673825126667, 0.800761166692104 7.275734985665475, 0.8006179048706294 7.275603670380709, 0.8005199790686087 7.275466958536568, 0.8003023661752295 7.275182741674672, 0.800510911864718 7.2751413683190105, 0.8007212709949846 7.275114385693697, 0.8009606451777016 7.275073012331734, 0.8010640113020567 7.275047828544323, 0.8012979451624388 7.275360826944638)))"
_mview_general_zones_pisiculture.fid-7b1c8a4a_1943cbfe119_-3d8f,Plateaux,Kpélé,Kpélé 2,Kpélé-Nord,Nsp,"{Lundi,Mardi,Mercredi,Jeudi,Vendredi,Samedi,Dimanche}",Personnel,"MULTIPOLYGON (((0.7972199999999999 7.280738333333333, 0.7971783333333333 7.280664999999999, 0.7972166666666667 7.280598333333334, 0.7972400000000001 7.2805349999999995, 0.7972816666666667 7.280466666666666, 0.7973116666666668 7.280423333333332, 0.7973766666666666 7.2804633333333335, 0.7973783333333333 7.280465, 0.7972199999999999 7.280738333333333)))"
_mview_general_zones_pisiculture.fid-7b1c8a4a_1943cbfe119_-3d8e,Plateaux,Kpélé,Kpélé 2,Kpélé-Kamé,Djogbepime,"{Lundi,Mardi,Mercredi,Jeudi,Vendredi,Samedi,Dimanche}",Néant,"MULTIPOLYGON (((0.7900883333333333 7.225525000000001, 0.7900508074087382 7.2255823168689775, 0.7900370900017966 7.225807828636045, 0.790150748516456 7.225862262493995, 0.7903153573997557 7.225854486228974, 0.790446652580483 7.225784499837774, 0.7903682673979593 7.225450120263547, 0.7902056181442227 7.22542290331057, 0.7900883333333333 7.225525000000001)))"
_mview_general_zones_pisiculture.fid-7b1c8a4a_1943cbfe119_-3d8d,Plateaux,Kpélé,Kpélé 2,Kpélé-Kamé,Aveho,"{Lundi,Mardi,Mercredi,Jeudi,Vendredi,Samedi,Dimanche}",Néant,"MULTIPOLYGON (((0.7854826408035454 7.226330397863569, 0.7852871430532868 7.2265912998715915, 0.7854966049285635 7.226921467683495, 0.7857130488663496 7.226757538240609, 0.7854826408035454 7.226330397863569)))"
_mview_general_zones_pisiculture.fid-7b1c8a4a_1943cbfe119_-3d8c,Plateaux,Kpélé,Kpélé 2,Kpélé-Gbalédzé,Dzanipé,"{Lundi,Mardi,Mercredi,Jeudi,Vendredi,Samedi,Dimanche}",Néant,"MULTIPOLYGON (((0.7548500644251347 7.199090892900715, 0.7550664089661283 7.199109557163801, 0.7550080900029038 7.19942125024379, 0.7548274893425959 7.199404452418593, 0.7548500644251347 7.199090892900715)))"
_mview_general_zones_pisiculture.fid-7b1c8a4a_1943cbfe119_-3d8b,Plateaux,Moyen-Mono,Moyen-Mono 1,Tohoun,Tohoun -danfolito,"{Lundi,Mardi,Mercredi,Jeudi,Vendredi,Samedi,Dimanche}",Les soeurs de Nazareth de tohoun,"MULTIPOLYGON (((1.5962266666666665 7.04507, 1.596315 7.045164999999999, 1.5963716666666665 7.044905, 1.5965183333333335 7.044953333333333, 1.5964483333333335 7.045261666666666, 1.5963399999999996 7.045273333333333, 1.5962383333333334 7.04532, 1.5962266666666665 7.04507)))"
_mview_general_zones_pisiculture.fid-7b1c8a4a_1943cbfe119_-3d8a,Plateaux,Moyen-Mono,Moyen-Mono 1,Tohoun,Tohoun-danfoli,"{Lundi,Mardi,Mercredi,Jeudi,Vendredi,Samedi,Dimanche}",PASA,"MULTIPOLYGON (((1.5964950000000002 7.0460645002830615, 1.5967916666666668 7.046231666666667, 1.597033334808958 7.045674898927753, 1.5966516666666668 7.045599999999999, 1.5966516666666668 7.045596666666667, 1.5964950000000002 7.0460645002830615)))"
_mview_general_zones_pisiculture.fid-7b1c8a4a_1943cbfe119_-3d89,Plateaux,Moyen-Mono,Moyen-Mono 1,Tohoun,Tohoun/orphelinat,"{Lundi,Mardi,Mercredi,Jeudi,Vendredi,Samedi,Dimanche}",Orphelinat,"MULTIPOLYGON (((1.5667233333333335 7.0298333333333325, 1.5665783333333332 7.030231666666666, 1.5661633333333334 7.030098333333332, 1.566282051046401 7.02969275645551, 1.5667233333333335 7.0298333333333325)))"
_mview_general_zones_pisiculture.fid-7b1c8a4a_1943cbfe119_-3d88,Plateaux,Moyen-Mono,Moyen-Mono 1,Tohoun,Tohoun-danfolito,"{Lundi,Mardi,Mercredi,Jeudi,Vendredi,Samedi,Dimanche}",LES SOEURS DE NAZARETH DE TOHOUN,"MULTIPOLYGON (((1.5967033333333334 7.046206666666666, 1.5965849999999997 7.046306666666667, 1.596375 7.046178333333334, 1.5964783333333334 7.046093333333332, 1.5967033333333334 7.046206666666666)))"
_mview_general_zones_pisiculture.fid-7b1c8a4a_1943cbfe119_-3d87,Plateaux,Ogou,Ogou 1,Houdou,Néant,"{Lundi,Mardi,Mercredi,Jeudi,Vendredi,Samedi,Dimanche}",Nsp,"MULTIPOLYGON (((1.155358347621691 7.725900518453383, 1.1549933075043781 7.726336572063113, 1.1546082651888563 7.726078904075418, 1.154983306405274 7.725662670840126, 1.155358347621691 7.725900518453383)))"
_mview_general_zones_pisiculture.fid-7b1c8a4a_1943cbfe119_-3d86,Plateaux,Ogou,Ogou 2,Katoré,Fin digue,"{Lundi,Mardi,Mercredi,Jeudi,Vendredi,Samedi,Dimanche}",Nsp,"MULTIPOLYGON (((1.4204283333333334 7.41148, 1.418665 7.411266666666667, 1.41852 7.410326666666666, 1.4204183333333333 7.410135, 1.4205666666666665 7.411429999999999, 1.4204283333333334 7.41148)))"
_mview_general_zones_pisiculture.fid-7b1c8a4a_1943cbfe119_-3d85,Centrale,Blitta,Blitta 1,Blitta,Sondoukope,"{Lundi,Mardi,Mercredi,Jeudi,Vendredi,Samedi}",MAWI SARL,"MULTIPOLYGON (((0.9655467751195645 8.322162155051613, 0.9670302037044535 8.322576726529292, 0.9669924574300286 8.322703712299528, 0.9669924574300286 8.322703712299528, 0.9674756097426646 8.322714916924339, 0.967868170996681 8.32123590367832, 0.9661133731669863 8.320772214177214, 0.9655467751195645 8.322162155051613)))"
_mview_general_zones_pisiculture.fid-7b1c8a4a_1943cbfe119_-3d84,Centrale,Blitta,Blitta 1,Doufouli,Akarabou,"{Lundi,Mardi,Mercredi,Jeudi,Vendredi,Samedi,Dimanche}",PNUD,"MULTIPOLYGON (((0.9387357829025481 8.306636960201542, 0.9393757945773664 8.306667117217108, 0.9393961124083131 8.306204709390473, 0.9387764185644413 8.306164499988496, 0.9387357829025481 8.306636960201542)))"
_mview_general_zones_pisiculture.fid-7b1c8a4a_1943cbfe119_-3d83,Centrale,Tchamba,Tchamba 1,Tchamba,Néant,"{Lundi,Mardi,Mercredi,Jeudi,Vendredi,Samedi,Dimanche}",Nsp,"MULTIPOLYGON (((1.4927766666666666 9.036613333333333, 1.4927383333333335 9.035826666666667, 1.493495 9.035775, 1.4935283333333336 9.036641666666666, 1.4927766666666666 9.036613333333333)))"
_mview_general_zones_pisiculture.fid-7b1c8a4a_1943cbfe119_-3d82,Centrale,Tchamba,Tchamba 3,Kaboli,Néant,"{Lundi,Mardi,Mercredi,Jeudi,Vendredi,Samedi,Dimanche}",Nsp,"MULTIPOLYGON (((1.6165856952169235 8.71493837783696, 1.6165674161173016 8.714811901418386, 1.6165125788184371 8.714793833355097, 1.6165064857852296 8.71470951571486, 1.6165308579180584 8.714631220746185, 1.6166100673497519 8.714462585373333, 1.6166283464493734 8.714372244963725, 1.6167197419474812 8.71426383644337, 1.6168233235120033 8.714101223603897, 1.6169086259769037 8.71398679230408, 1.6170975100063267 8.713836224750962, 1.6174082546998934 8.713643498194472, 1.617658069061388 8.713529066754546, 1.6178896043232616 8.713348385462293, 1.618005371954198 8.713324294616731, 1.6182369072160714 8.713498953211904, 1.618450163378323 8.713559180294764, 1.6185476519096378 8.71372179337003, 1.6186390474077457 8.71392054258818, 1.6187243498726467 8.713992815004946, 1.6188644896364117 8.71417349598573, 1.6189985363669699 8.71454088037733, 1.6189924433337626 8.714866105603019, 1.6186938847066104 8.714980536633645, 1.6185842101088812 8.714896219035525, 1.6182430002492783 8.714968491263651, 1.6179627207217477 8.715088944946137, 1.6174996501980015 8.715179285182524, 1.6170792309067055 8.715185307864175, 1.6168172304787964 8.715167239818934, 1.6165856952169235 8.71493837783696)))"
_mview_general_zones_pisiculture.fid-7b1c8a4a_1943cbfe119_-3d81,Centrale,Tchamba,Tchamba 3,Kaboli,93014751,"{Lundi,Mardi,Mercredi,Jeudi,Vendredi,Samedi,Dimanche}",Coopérative ABOLIYA,"MULTIPOLYGON (((1.5683865811050566 8.731649604776292, 1.5682483038447286 8.73168980320116, 1.5682483038447286 8.73179833892667, 1.5680937586714203 8.731838537335511, 1.5679351465198672 8.731786279403174, 1.567727730629375 8.731717942095992, 1.5674877789129236 8.73168980320116, 1.5672722290659413 8.731633525405131, 1.5672030904357774 8.731500870566613, 1.5670526122407142 8.73131997752898, 1.56699160756704 8.73111496531363, 1.5669712726758154 8.730897893433404, 1.5669875405887954 8.730612483917206, 1.5670973490014088 8.73031501461162, 1.5672274923052474 8.730262756465876, 1.5674105063262698 8.730198438737991, 1.567687060846926 8.730097942265974, 1.5679758163023176 8.730097942265974, 1.5682686387359535 8.730110001844043, 1.5685695951260796 8.730210498312813, 1.5688794187405297 8.730739585878709, 1.568899001454607 8.73108153820953, 1.568866363597811 8.731591240158599, 1.5683865811050566 8.731649604776292)))"
_mview_general_zones_pisiculture.fid-7b1c8a4a_1943cbfe119_-3d80,Centrale,Tchamba,Tchamba 3,Kaboli,92229788,"{Dimanche,Samedi,Vendredi,Jeudi,Mercredi,Mardi,Lundi}",Nsp,"MULTIPOLYGON (((1.5755079665876668 8.746879817888377, 1.5754988496042857 8.74707265218942, 1.575145110649086 8.747052828107, 1.575151458402908 8.746859548727784, 1.5755079665876668 8.746879817888377)))"
_mview_general_zones_pisiculture.fid-7b1c8a4a_1943cbfe119_-3d7f,Centrale,Tchaoudjo,Tchaoudjo 1,Kadambara,Kadambara/alphani,"{Samedi,Dimanche,Jeudi,Mercredi,Mardi,Lundi}",GESCOD,"MULTIPOLYGON (((1.1763699429837504 8.95122240320902, 1.176467124460267 8.95118933503087, 1.1763859708264328 8.951029806080735, 1.1762896853553841 8.951073973727272, 1.1763699429837504 8.95122240320902)))"
_mview_general_zones_pisiculture.fid-7b1c8a4a_1943cbfe119_-3d7e,Centrale,Tchaoudjo,Tchaoudjo 4,Agouloudè,Néant,"{Lundi,Mardi,Mercredi,Jeudi,Vendredi,Samedi,Dimanche}",Néant,"MULTIPOLYGON (((1.321920244519362 9.108240678452015, 1.3219142099371564 9.108393974179581, 1.3220497137375988 9.10840047435032, 1.3220425819586281 9.108245011901044, 1.321920244519362 9.108240678452015)))"
_mview_general_zones_pisiculture.fid-7b1c8a4a_1943cbfe119_-3d7d,Centrale,Tchaoudjo,Tchaoudjo 4,Agouloudè,Néant,"{Lundi,Mardi,Mercredi,Jeudi,Vendredi,Samedi,Dimanche}",Néant,"MULTIPOLYGON (((1.3227872199303046 9.121556559287953, 1.3227821756285842 9.12164579346185, 1.3226951614239064 9.121637077566778, 1.322701466801057 9.121552408860715, 1.3227872199303046 9.121556559287953)))"
_mview_general_zones_pisiculture.fid-7b1c8a4a_1943cbfe119_-3d7c,Kara,Assoli,Assoli 3,Soudou,Gande près de la rivière woulanda,"{Lundi,Mardi,Mercredi,Jeudi,Vendredi,Samedi,Dimanche}",Néant,"MULTIPOLYGON (((1.3230056694994194 9.356458169476083, 1.3228820185357681 9.35638954114452, 1.3227699598499594 9.356465794845418, 1.3226772216272207 9.356400979200723, 1.3227854162204153 9.35607690079602, 1.3229863490363485 9.356012085078834, 1.3231177281852278 9.35614171650112, 1.32321433050058 9.35624465906675, 1.3231872818522814 9.356397166515366, 1.3230056694994194 9.356458169476083)))"
_mview_general_zones_pisiculture.fid-7b1c8a4a_1943cbfe119_-3d7b,Kara,Doufelgou,Doufelgou 1,Baga,Néant,"{Lundi,Mardi,Mercredi,Jeudi,Vendredi,Samedi,Dimanche}",Nsp,"MULTIPOLYGON (((1.0915058985799173 9.790408643384026, 1.0915634901269098 9.790432225599158, 1.0915797945831358 9.7903993141556, 1.09152009923534 9.79037054903297, 1.0915058985799173 9.790408643384026)))"
_mview_general_zones_pisiculture.fid-7b1c8a4a_1943cbfe119_-3d7a,Kara,Doufelgou,Doufelgou 1,Baga,Balle,"{Dimanche,Vendredi,Jeudi,Mercredi,Mardi}",CIDAP,"MULTIPOLYGON (((1.11692 9.789953333333333, 1.1170233333333333 9.789906666666667, 1.1171033333333333 9.790173333333334, 1.11701 9.7902, 1.11692 9.789953333333333)))"
_mview_general_zones_pisiculture.fid-7b1c8a4a_1943cbfe119_-3d79,Kara,Kozah,Kozah 2,Bohou,Bohou tchamde,"{Lundi,Mardi,Mercredi,Jeudi,Vendredi,Samedi,Dimanche}",PASA,"MULTIPOLYGON (((1.1680372863925732 9.624224601653294, 1.1682238878000144 9.624261219349489, 1.168500518741056 9.624247712135034, 1.1691123358404512 9.624204421609592, 1.169966591827223 9.624322751811256, 1.170128971064378 9.624113933780363, 1.1700264624300154 9.62368842190751, 1.1694773028730205 9.623694181814235, 1.1688054587341448 9.623717221440147, 1.1685484053244877 9.623746020970326, 1.1681458356950718 9.623806106417637, 1.16793910734441 9.624054233795517, 1.1680372863925732 9.624224601653294)))"
_mview_general_zones_pisiculture.fid-7b1c8a4a_1943cbfe119_-3d78,Kara,Doufelgou,Doufelgou 2,Défalé,"Tamde, piscine africa-flor","{Lundi,Mardi,Mercredi,Jeudi,Vendredi,Samedi,Dimanche}",Coopérative OTCHOMA,"MULTIPOLYGON (((1.0892319080544195 9.889845064441047, 1.089272373440305 9.889767827812884, 1.0893684787317832 9.889678133641263, 1.0895328693619437 9.8897055401963, 1.0896390909998932 9.8898076918813, 1.089742783551225 9.889999537642923, 1.0897377253779894 9.89015151927068, 1.0896694400393074 9.890211315301679, 1.0894822876295867 9.890211315301677, 1.0892850188733945 9.890191383292551, 1.0892647861804516 9.89013906176285, 1.0892597280072158 9.88996216510074, 1.0892319080544195 9.889845064441047)))"
_mview_general_zones_pisiculture.fid-7b1c8a4a_1943cbfe119_-3d77,Kara,Kozah,Kozah 1,Commune De Kara,Néant,"{Lundi,Mardi,Mercredi,Jeudi,Vendredi,Samedi,Dimanche}",Nsp,"MULTIPOLYGON (((1.200509761240055 9.600340710565847, 1.201447268060113 9.600293458060081, 1.2014547561337559 9.600043905654676, 1.2006086038121384 9.599984839969691, 1.200509761240055 9.600340710565847)))"
_mview_general_zones_pisiculture.fid-7b1c8a4a_1943cbfe119_-3d76,Kara,Kozah,Kozah 1,Commune De Kara,Néant,"{Lundi,Mardi,Mercredi,Jeudi,Vendredi,Samedi,Dimanche}",Nsp,"MULTIPOLYGON (((1.2265082688141116 9.529741278052139, 1.226606870043256 9.530093774726074, 1.2263768005085873 9.530160627502477, 1.2263768005085873 9.530160627502477, 1.2262781992794434 9.529798001679428, 1.2265082688141116 9.529741278052139)))"
_mview_general_zones_pisiculture.fid-7b1c8a4a_1943cbfe119_-3d75,Kara,Kozah,Kozah 3,Kpinzindè,A 200m du cours primaire du foyer pierre du pauvre n2,"{Lundi,Mardi,Mercredi,Jeudi,Vendredi,Samedi,Dimanche}",Nsp,"MULTIPOLYGON (((1.2749502184661783 9.45171547032866, 1.274386350238699 9.45135346298442, 1.2742844567458314 9.451288727513315, 1.2744744276647373 9.451133703046183, 1.2750158447836193 9.451436937652868, 1.2750106637585583 9.451607294056274, 1.2749752600873079 9.451720581017858, 1.2749502184661783 9.45171547032866)))"
_mview_general_zones_pisiculture.fid-7b1c8a4a_1943cbfe119_-3d74,Savanes,Tône,Tône 1,Toaga,Néant,"{Lundi,Mardi,Mercredi,Jeudi,Vendredi,Samedi,Dimanche}",Nsp,"MULTIPOLYGON (((0.2665183333333333 10.883706666666667, 0.2668375377206616 10.883885717727999, 0.2668375377206616 10.883885717727999, 0.2668583333333334 10.883890000000001, 0.2670916666666667 10.883436666666666, 0.2666132106819967 10.883224051055528, 0.2665183333333333 10.883706666666667)))"
_mview_general_zones_pisiculture.fid-7b1c8a4a_1943cbfe119_-3d73,Maritime,Lacs,Lacs 3,Agbodrafo,Keta koda plage-togo,"{Lundi,Mardi,Mercredi,Jeudi,Vendredi,Samedi,Dimanche}",Nsp,"MULTIPOLYGON (((1.5575267353210993 6.231934752231484, 1.5571680243383899 6.23934804364822, 1.5571680243383899 6.23934804364822, 1.5510321785815153 6.237274209393471, 1.5532599625793957 6.230452081375102, 1.5575267353210993 6.231934752231484)))"
_mview_general_zones_pisiculture.fid-7b1c8a4a_1943cbfe119_-3d72,Maritime,Lacs,Lacs 3,Agbodrafo,Keta koda page-togo,"{Lundi,Mardi,Mercredi,Jeudi,Vendredi,Samedi,Dimanche}",Néant,"MULTIPOLYGON (((1.5524616666666664 6.225908333333333, 1.5519811736725446 6.2258481291355965, 1.5519811736725446 6.2258481291355965, 1.5519562272966305 6.2254358361079944, 1.5524858406820043 6.225474406818174, 1.5524616666666664 6.225908333333333)))"
_mview_general_zones_pisiculture.fid-7b1c8a4a_1943cbfe119_-3d71,Maritime,Lacs,Lacs 3,Agbodrafo,Tovinou,"{Lundi,Mardi,Mercredi,Jeudi,Vendredi,Samedi,Dimanche}",Néant,"MULTIPOLYGON (((1.48374021140342 6.210989536827458, 1.4838186072777197 6.211014301444572, 1.483855973535563 6.210934908991475, 1.483753399494424 6.210917016898606, 1.48374021140342 6.210989536827458)))"
_mview_general_zones_pisiculture.fid-7b1c8a4a_1943cbfe119_-3d70,Maritime,Lacs,Lacs 3,Agbodrafo,Peda-kome,"{Dimanche,Samedi,Vendredi,Jeudi,Mercredi,Mardi,Lundi}",Coopérative MAWUEWOE,"MULTIPOLYGON (((1.4742786891463633 6.211904757436895, 1.4744704594042728 6.211941604649264, 1.4745171933326708 6.211760572668054, 1.4743270345895338 6.211725327496332, 1.4742786891463633 6.211904757436895)))"
_mview_general_zones_pisiculture.fid-7b1c8a4a_1943cbfe119_-3d6f,Maritime,Lacs,Lacs 3,Agbodrafo,Djasseme,"{Dimanche,Samedi,Vendredi,Jeudi,Mercredi,Mardi,Lundi}",Coopérative LE HERON,"MULTIPOLYGON (((1.500035081290634 6.227671663417116, 1.5000433592780333 6.227460448873258, 1.5002572072858558 6.227461820396542, 1.5002434106401898 6.22768126407618, 1.500035081290634 6.227671663417116)))"
_mview_general_zones_pisiculture.fid-7b1c8a4a_1943cbfe119_-3d6e,Maritime,Lacs,Lacs 3,Agbodrafo,Djasseme,"{Samedi,Dimanche,Vendredi,Jeudi,Mardi,Mercredi,Lundi}",MIFA,"MULTIPOLYGON (((1.4939833474216717 6.226993204597521, 1.4941699532172938 6.227053154321343, 1.4942336722694578 6.2268631249845585, 1.4940391015923153 6.226813355384987, 1.4939833474216717 6.226993204597521)))"
_mview_general_zones_pisiculture.fid-7b1c8a4a_1943cbfe119_-3d6d,Maritime,Lacs,Lacs 3,Agbodrafo,Peda-kome,"{Lundi,Mardi,Mercredi,Jeudi,Vendredi,Samedi,Dimanche}",Néant,"MULTIPOLYGON (((1.4745822902431465 6.211889757631211, 1.4746180704312792 6.21169214589485, 1.4748188370424689 6.211723763777655, 1.4747770934896474 6.211911494917685, 1.4745822902431465 6.211889757631211)))"
_mview_general_zones_pisiculture.fid-7b1c8a4a_1943cbfe119_-3d6c,Maritime,Lacs,Lacs 3,Agbodrafo,Agbodrafo-togo,"{Lundi,Mardi,Mercredi,Jeudi,Vendredi,Samedi,Dimanche}",ITRA,"MULTIPOLYGON (((1.472917619566257 6.207969870178153, 1.4729141479034282 6.209656705655437, 1.4717047578640463 6.2094539932150425, 1.4714797550660217 6.207825300775875, 1.472917619566257 6.207969870178153)))"
_mview_general_zones_pisiculture.fid-7b1c8a4a_1943cbfe119_-3d6b,Plateaux,Haho,Haho 3,Kpédomé,Agbatitoe,"{Lundi,Mardi,Mercredi,Jeudi,Vendredi,Samedi,Dimanche}",Nsp,"MULTIPOLYGON (((1.1532575281163742 7.099608921860608, 1.1528760766252024 7.098923968058718, 1.1524401320638629 7.09840123947119, 1.1520041875025238 7.098130862382537, 1.1520041875025238 7.097427881208498, 1.1524582964205856 7.097211579092732, 1.15285791226848 7.097409856036066, 1.1530032271222594 7.0976802335483855, 1.1535481578239337 7.098527415391521, 1.153838787531493 7.098833842482552, 1.154147581595775 7.0990140936172335, 1.1544382113033345 7.09914026936949, 1.1543110608062772 7.099428670958987, 1.1538751162449379 7.099518796418625, 1.153529993467211 7.099789172691604, 1.1532575281163742 7.099608921860608)))"
_mview_general_zones_pisiculture.fid-7b1c8a4a_1943cbfe119_-3d6a,Plateaux,Haho,Haho 3,Kpédomé,Néant,"{Lundi,Mardi,Mercredi,Jeudi,Vendredi,Samedi,Dimanche}",Nsp,"MULTIPOLYGON (((1.1658167313979744 7.0528712625559455, 1.1658416917100354 7.052866998618821, 1.1658157084343654 7.052831668852556, 1.165796885903959 7.052844054575518, 1.1658167313979744 7.0528712625559455)))"
_mview_general_zones_pisiculture.fid-7b1c8a4a_1943cbfe119_-3d69,Maritime,Lacs,Lacs 3,Gbodjomé,Néant,"{Lundi,Mardi,Mercredi,Jeudi,Vendredi,Samedi,Dimanche}",Privé,"MULTIPOLYGON (((1.414394754239987 6.187265802218877, 1.4151838594097903 6.187206161211826, 1.4151838594097903 6.186761147331369, 1.4143682770905026 6.186830002688462, 1.414394754239987 6.187265802218877)))"
_mview_general_zones_pisiculture.fid-7b1c8a4a_1943cbfe119_-3d68,Maritime,Lacs,Lacs 3,Gbodjomé,Soussou komlan jordan 90100849,"{Lundi,Mardi,Mercredi,Jeudi,Vendredi,Samedi,Dimanche}",Nsp,"MULTIPOLYGON (((1.4346761957119716 6.199271054863084, 1.4344483737125318 6.200635515879228, 1.4365987911218803 6.202751252092866, 1.437893486874795 6.199983668546701, 1.4346761957119716 6.199271054863084)))"
_mview_general_zones_pisiculture.fid-7b1c8a4a_1943cbfe119_-3d67,Maritime,Lacs,Lacs 3,Gbodjomé,Néant,"{Lundi,Mardi,Mercredi,Jeudi,Vendredi,Samedi}",Ferme en charge par le propriétaire lui-même,"MULTIPOLYGON (((1.4209021026882271 6.212056831534822, 1.420888018121453 6.211820800039385, 1.4210751416514653 6.211807798301393, 1.421088220177757 6.212052831001887, 1.4209021026882271 6.212056831534822)))"
_mview_general_zones_pisiculture.fid-7b1c8a4a_1943cbfe119_-3d66,Maritime,Lacs,Lacs 3,Gbodjomé,Néant,"{Lundi,Mercredi,Mardi,Jeudi,Vendredi,Samedi}",Nsp,"MULTIPOLYGON (((1.4208581505034639 6.212064511513997, 1.4208574098319973 6.21200560571928, 1.4205218856575619 6.212002660429369, 1.4205226263290287 6.212064511513997, 1.4208581505034639 6.212064511513997)))"
_mview_general_zones_pisiculture.fid-7b1c8a4a_1943cbfe119_-3d65,Maritime,Avé,Avé 1,Zolo,Néant,"{Lundi,Mardi,Mercredi,Jeudi,Vendredi,Samedi,Dimanche}",Nsp,"MULTIPOLYGON (((0.9583048838899555 6.400094314199354, 0.9583563684836854 6.399990336289662, 0.9584045314907229 6.399883057471764, 0.9585772539987201 6.399924318558235, 0.9586868663595642 6.400105867299123, 0.9587051350863717 6.400221398282454, 0.9587416725399867 6.400277513322073, 0.9588097650671775 6.400292367302117, 0.9589525932949446 6.400307221281728, 0.9590024170953284 6.400406247801432, 0.9591070470761343 6.400498672535835, 0.9591651748432485 6.400663716662811, 0.9590688488291733 6.400630707841682, 0.9590173642354434 6.400569641516968, 0.9589393069481753 6.400579544164716, 0.9589226990147144 6.400498672535835, 0.9588064434804855 6.400437606195337, 0.9587350293666022 6.400409548685092, 0.9586702584261033 6.400279163764321, 0.9585689500319894 6.400234601821743, 0.9584759456046065 6.40017848677741, 0.9583995491106845 6.4001091681847235, 0.9583746372104927 6.400028296481367, 0.9583048838899555 6.400094314199354)))"
_mview_general_zones_pisiculture.fid-7b1c8a4a_1943cbfe119_-3d64,Plateaux,Haho,Haho 1,Notsé,Notse/atsokou,"{Lundi,Mardi,Mercredi,Jeudi,Vendredi,Samedi,Dimanche}",Ferme privée CHAMPA,"MULTIPOLYGON (((1.1332361534548867 6.927646000080927, 1.1341523735083996 6.926777346109285, 1.1331435019888012 6.925918910024312, 1.1326596554436874 6.926409445121329, 1.1318052030342316 6.926736468235904, 1.132103746647174 6.927298538684276, 1.1326493608363446 6.927318977597047, 1.1332361534548867 6.927646000080927)))"
_mview_general_zones_pisiculture.fid-7b1c8a4a_1943cbfe119_-3d63,Plateaux,Kpélé,Kpélé 1,Kpélé-Dawlotou,Nsp,"{Lundi,Mardi,Mercredi,Jeudi,Vendredi,Samedi,Dimanche}",Informel,"MULTIPOLYGON (((0.8273114092413648 6.886935510891142, 0.8285477518599719 6.887157334100873, 0.8284285863063712 6.88757140381483, 0.8272369307703642 6.887356974900941, 0.8273114092413648 6.886935510891142)))"
_mview_general_zones_pisiculture.fid-7b1c8a4a_1943cbfe119_-3d62,Centrale,Sotouboua,Sotouboua 2,Kériadé,Nsp,"{Dimanche,Samedi,Vendredi,Jeudi,Mercredi,Mardi,Lundi}",Non,"MULTIPOLYGON (((0.92040170831901 8.67421589350777, 0.9210974123601837 8.675930416990866, 0.9220131573347708 8.675662458035173, 0.921383124792255 8.673924341247512, 0.92040170831901 8.67421589350777)))"
_mview_general_zones_pisiculture.fid-7b1c8a4a_1943cbfe119_-3d61,Plateaux,Agou,Agou 2,Amoussou-Kopé,Ferme ayikoue à amoussou-kope,"{Lundi,Mardi,Mercredi,Jeudi,Vendredi,Samedi,Dimanche}",Nsp,"MULTIPOLYGON (((0.815436453338053 6.706530922501168, 0.8154537538300051 6.706426875264511, 0.8154204416165765 6.706421288775156, 0.8153540647239474 6.706391989790614, 0.8154902849469416 6.706195420094734, 0.8160494800822999 6.706595377128694, 0.815842370772908 6.706837636658182, 0.8156398638926136 6.706771358119631, 0.815436453338053 6.706530922501168)))"
_mview_general_zones_pisiculture.fid-7b1c8a4a_1943cbfe119_-3d60,Plateaux,Agou,Agou 2,Amoussou-Kopé,A 500m de l'école primaire publique de wudzrale,"{Lundi,Mardi,Mercredi,Jeudi,Vendredi,Samedi,Dimanche}",COOPA,"MULTIPOLYGON (((0.8283553196864053 6.6877675459601935, 0.8283028829665449 6.687469946349153, 0.8287927917492414 6.687401498412979, 0.8288377375091219 6.687736298009551, 0.8283553196864053 6.6877675459601935)))"
_mview_general_zones_pisiculture.fid-7b1c8a4a_1943cbfe119_-3d5f,Plateaux,Agou,Agou 2,Amoussou-Kopé,Néant,"{Lundi,Mardi,Mercredi,Jeudi,Vendredi,Samedi,Dimanche}",Nsp,"MULTIPOLYGON (((0.8486737368466998 6.698740460981707, 0.8482101533214738 6.698307946216274, 0.8485683769546027 6.697952167654047, 0.8487474887711675 6.697830086715062, 0.8491162483935065 6.697788230386095, 0.8493304801741035 6.698150985117864, 0.8492426802640228 6.698426539012696, 0.8486737368466998 6.698740460981707)))"
_mview_general_zones_pisiculture.fid-7b1c8a4a_1943cbfe119_-3d5e,Plateaux,Agou,Agou 2,Amoussou-Kopé,Néant,"{Lundi,Mardi,Mercredi,Jeudi,Vendredi,Samedi}",Centre latekana,"MULTIPOLYGON (((0.8221802833130599 6.706690291130403, 0.8223254369326601 6.70630944949639, 0.8225442505980274 6.706472974754241, 0.8223904310906901 6.706840906383748, 0.8221802833130599 6.706690291130403)))"
_mview_general_zones_pisiculture.fid-7b1c8a4a_1943cbfe119_-3d5d,Maritime,Golfe,Golfe 1,Bè-Est,90998888,"{Lundi,Mardi,Vendredi,Samedi}",Néant,"MULTIPOLYGON (((1.2769318490242503 6.191270025688094, 1.2768614806735952 6.191682777259369, 1.2768825911787918 6.192410338565637, 1.2770092542099711 6.192997983504296, 1.2770162910450364 6.1933057972587795, 1.2766644492917605 6.1933967421973515, 1.2761296498267816 6.1933057972587795, 1.2752781927838541 6.19320086077173, 1.2748278353396612 6.192879055414734, 1.2746659881331546 6.192249435670771, 1.274996719381234 6.191249038311447, 1.2758270659189648 6.19033958452231, 1.2759185447748167 6.18953506640365, 1.2763829758891407 6.189052354944385, 1.2774328577669884 6.189111780620309, 1.2781247082116631 6.189696938870648, 1.2781143820856231 6.190702998908725, 1.2769318490242503 6.191270025688094)))"
_mview_general_zones_pisiculture.fid-7b1c8a4a_1943cbfe119_-3d5c,Maritime,Golfe,Golfe 1,Bè-Est,Néant,"{Mardi,Mercredi,Jeudi,Vendredi,Samedi,Dimanche}",Privé,"MULTIPOLYGON (((1.2869589756732007 6.164828399890924, 1.287153926724321 6.164879981992399, 1.2872309638332315 6.164487645276369, 1.2870250074808383 6.164443878612766, 1.2869589756732007 6.164828399890924)))"
_mview_general_zones_pisiculture.fid-7b1c8a4a_1943cbfe119_-3d5b,Maritime,Golfe,Golfe 1,Bè-Est,Kangni cope,"{Dimanche,Samedi,Jeudi,Mercredi,Vendredi,Mardi,Lundi}",Nsp,"MULTIPOLYGON (((1.29634371484139 6.17860824462225, 1.296125132891595 6.17707498371578, 1.298080226998091 6.177087056653649, 1.297983079464849 6.177569973942691, 1.2969630303658075 6.178052890791176, 1.29634371484139 6.17860824462225)))"
